[
  {
    "_id": "f093a061-b2e8-41ab-994e-7ad2eaf87e22",
    "level": "level1",
    "title": "ClinicalAISystemsAgenticMedicine",
    "icon_image": "icon_image-1771911475841-193313014.png",
    "main_banner_image": "main_banner_image-1771911475842-353641214.jpg",
    "main_banner_description": "Developing agentic clinical AI systems that integrate multimodal data, reasoning, and clinical decision support.",
    "parent_id": "",
    "description_text": "",
    "order": 0,
    "created_at": "2026-02-24T05:37:56.188Z",
    "updated_at": "2026-02-24T05:37:56.188Z",
    "__v": 0,
    "children": [
      {
        "_id": "cfce92e2-5217-478b-9ab3-6b73135685cc",
        "level": "level2",
        "title": "Agentic Clinical Decision Support",
        "main_banner_description": "",
        "parent_id": "f093a061-b2e8-41ab-994e-7ad2eaf87e22",
        "description_image": "description_image-1771911608329-23529208.png",
        "description_text": "- LLM-based autonomous retest decision system",
        "order": 0,
        "created_at": "2026-02-24T05:40:08.374Z",
        "updated_at": "2026-02-24T05:40:08.374Z",
        "__v": 0,
        "achievements": []
      },
      {
        "_id": "dac4e49b-2413-4cce-ac43-8096851b6c24",
        "level": "level2",
        "title": "Clinical Foundation Models",
        "main_banner_description": "",
        "parent_id": "f093a061-b2e8-41ab-994e-7ad2eaf87e22",
        "description_image": "description_image-1771911624640-611510931.png",
        "description_text": "- Foundation models for large-scale polysomnography (PSG) datasets\r\n- Instruction-tuned LLMs for health checkup interpretation\r\n- Multi-stage evaluation of clinical LLM capabilities",
        "order": 1,
        "created_at": "2026-02-24T05:40:24.661Z",
        "updated_at": "2026-02-24T05:40:24.661Z",
        "__v": 0,
        "achievements": []
      },
      {
        "_id": "04233b17-0a8c-493b-a5cd-5fdb86aaee78",
        "level": "level2",
        "title": "Clinical Predictive Modeling",
        "main_banner_description": "",
        "parent_id": "f093a061-b2e8-41ab-994e-7ad2eaf87e22",
        "description_image": "description_image-1771911648019-205903015.png",
        "description_text": "- Transformer and BERT models for sepsis and length-of-stay prediction\r\n- Deep learning-based postoperative pain and stress assessment\r\n- Vascular aging estimation using PPG waveform analysis\r\n- Radiomic tractometry for schizophrenia classification\r\n- Hemiplegic gait detection using wearable inertial sensors",
        "order": 2,
        "created_at": "2026-02-24T05:40:48.027Z",
        "updated_at": "2026-02-24T05:40:48.027Z",
        "__v": 0,
        "achievements": []
      },
      {
        "_id": "dbce729a-9a6b-4c4d-82fa-244a5e835b6e",
        "level": "level2",
        "title": "Laboratory AI",
        "main_banner_description": "",
        "parent_id": "f093a061-b2e8-41ab-994e-7ad2eaf87e22",
        "description_image": "description_image-1771911665558-12227377.png",
        "description_text": "- Automated clinical chemistry reporting via LLMs\r\n- Machine learning-based sample misidentification detection\r\n- Advanced delta check methods for tumor markers",
        "order": 3,
        "created_at": "2026-02-24T05:41:05.562Z",
        "updated_at": "2026-02-24T05:41:05.562Z",
        "__v": 0,
        "achievements": []
      },
      {
        "_id": "08b739f2-a876-460c-bc68-01bf0e0a00b6",
        "level": "level2",
        "title": "Multimodal Clinical AI",
        "main_banner_description": "",
        "parent_id": "f093a061-b2e8-41ab-994e-7ad2eaf87e22",
        "description_image": "description_image-1771911677361-979905462.png",
        "description_text": "- Graph Neural Networks (GNN) for atrial fibrillation classification\r\n- Objectification of subjective chronic pain via biosignal responses\r\n- Pre-frailty identification using multi-domain clinical data",
        "order": 4,
        "created_at": "2026-02-24T05:41:17.380Z",
        "updated_at": "2026-02-24T05:41:17.380Z",
        "__v": 0,
        "achievements": []
      }
    ]
  },
  {
    "_id": "82ec6856-c7ef-48cf-96fd-ee7c75488036",
    "level": "level1",
    "title": "BiosignalClinicalDataIntelligence",
    "icon_image": "icon_image-1771911499486-902453846.png",
    "main_banner_image": "main_banner_image-1771911499486-547118925.png",
    "main_banner_description": "Biosignals and complex clinical data are converted into robust, interpretable intelligence that models and clinicians can trust.",
    "parent_id": "",
    "description_text": "",
    "order": 1,
    "created_at": "2026-02-24T05:38:19.648Z",
    "updated_at": "2026-02-24T05:38:19.648Z",
    "__v": 0,
    "children": [
      {
        "_id": "d5329105-08cf-4b4f-9955-f3cdf2c22d07",
        "level": "level2",
        "title": "Biosignal Modeling",
        "main_banner_description": "",
        "parent_id": "82ec6856-c7ef-48cf-96fd-ee7c75488036",
        "description_image": "description_image-1771911695955-106658803.png",
        "description_text": "- Autoencoder-based aortic pressure estimation from radial waves\r\n- Calibration-free blood pressure estimation using CNNs\r\n- Surgical pain and mental fatigue assessment via PPG spectrograms\r\n- Continuous pulse transit time calculation algorithms",
        "order": 0,
        "created_at": "2026-02-24T05:41:35.962Z",
        "updated_at": "2026-02-24T05:41:35.962Z",
        "__v": 0,
        "achievements": []
      },
      {
        "_id": "706b4a0c-21cc-4956-bed9-59807654f813",
        "level": "level2",
        "title": "Clinical Data Curation",
        "main_banner_description": "",
        "parent_id": "82ec6856-c7ef-48cf-96fd-ee7c75488036",
        "description_image": "description_image-1771911719357-167295426.png",
        "description_text": "- AI-based survival analysis for non-linear clinical variables\r\n- Harmonization pipelines for multi-center data bias correction\r\n- Standardization and integration of open PSG databases\r\n- Feature selection for pre-frailty and clinical error analysis",
        "order": 1,
        "created_at": "2026-02-24T05:41:59.370Z",
        "updated_at": "2026-02-24T05:41:59.370Z",
        "__v": 0,
        "achievements": []
      },
      {
        "_id": "0b3211b7-bc2a-41fe-b330-319fe4aa552c",
        "level": "level2",
        "title": "Physiologic Mechanism Modeling",
        "main_banner_description": "",
        "parent_id": "82ec6856-c7ef-48cf-96fd-ee7c75488036",
        "description_image": "description_image-1771911746229-198364486.jpg",
        "description_text": "- Hemodynamic regulation modeling (BP, PTT, vascular compliance)\r\n- Autonomic nervous system dynamics (HRV, recovery physiology)\r\n- Obesity–inflammation–aging interaction in sepsis\r\n- Short-term physiological signal–based mechanism inference",
        "order": 2,
        "created_at": "2026-02-24T05:42:26.232Z",
        "updated_at": "2026-02-24T05:42:26.232Z",
        "__v": 0,
        "achievements": []
      },
      {
        "_id": "adeb3044-1111-4337-a095-8dc3d6ebad11",
        "level": "level2",
        "title": "Robust Biosignal Processing & Quality Engineering",
        "main_banner_description": "",
        "parent_id": "82ec6856-c7ef-48cf-96fd-ee7c75488036",
        "description_image": "description_image-1771911761910-193113466.jpg",
        "description_text": "- Noise and artifact removal (heart sound, ECG, PPG)\r\n- Ectopic beat correction and RR reconstruction\r\n- Generative signal completion and restoration\r\n- Sensor fusion and gravity compensation\r\n- Deep learning–based signal quality assessment",
        "order": 3,
        "created_at": "2026-02-24T05:42:41.931Z",
        "updated_at": "2026-02-24T05:42:41.931Z",
        "__v": 0,
        "achievements": []
      }
    ]
  },
  {
    "_id": "5f8e8c07-2167-4485-8340-343126e8800d",
    "level": "level1",
    "title": "SmartSensingDigitalHealth",
    "icon_image": "icon_image-1771911520588-818109003.png",
    "main_banner_image": "main_banner_image-1771911520589-1698776.png",
    "main_banner_description": "Developing sensing-driven digital health solutions that combine wearable analytics and remote monitoring to measure health continuously in real life.",
    "parent_id": "",
    "description_text": "",
    "order": 2,
    "created_at": "2026-02-24T05:38:40.795Z",
    "updated_at": "2026-02-24T05:38:40.795Z",
    "__v": 0,
    "children": [
      {
        "_id": "1d832778-0b69-49a7-ae4e-a32f0c0bd706",
        "level": "level2",
        "title": "Digital Biomarkers & Sensor Analytics",
        "main_banner_description": "",
        "parent_id": "5f8e8c07-2167-4485-8340-343126e8800d",
        "description_image": "description_image-1771911778511-184820077.png",
        "description_text": "- Severity-based activity pattern analysis\r\n- Multi-array pressure sensing for wearable monitoring\r\n- Accelerometer-based activity clustering\r\n- Motion-robust sensing in real-world environments",
        "order": 0,
        "created_at": "2026-02-24T05:42:58.534Z",
        "updated_at": "2026-02-24T05:42:58.534Z",
        "__v": 0,
        "achievements": []
      },
      {
        "_id": "aa412e98-889d-47e0-a667-67a5f9726ff6",
        "level": "level2",
        "title": "Digital Therapeutics (DTx)",
        "main_banner_description": "",
        "parent_id": "5f8e8c07-2167-4485-8340-343126e8800d",
        "description_image": "description_image-1771911794689-587870780.png",
        "description_text": "- Evidence-based software interventions for disease management\r\n- Data-driven personalization and adaptive treatment algorithms\r\n- Remote monitoring and closed-loop therapeutic feedback\r\n- Clinical validation from translational research to real-world care",
        "order": 1,
        "created_at": "2026-02-24T05:43:14.751Z",
        "updated_at": "2026-02-24T05:43:14.751Z",
        "__v": 0,
        "achievements": []
      },
      {
        "_id": "a44a090a-cca3-4973-b092-4c8c68719152",
        "level": "level2",
        "title": "Remote Monitoring & Telehealth",
        "main_banner_description": "",
        "parent_id": "5f8e8c07-2167-4485-8340-343126e8800d",
        "description_image": "description_image-1771911819013-16176669.png",
        "description_text": "- Indoor positioning and patient location tracking systems\r\n- Wearable-based vital sign and activity monitoring\r\n- Real-time risk detection and alert protocols\r\n- Mobile, web, and server-integrated telemonitoring platforms",
        "order": 2,
        "created_at": "2026-02-24T05:43:39.042Z",
        "updated_at": "2026-02-24T05:43:39.042Z",
        "__v": 0,
        "achievements": []
      },
      {
        "_id": "410166f0-1039-4f39-94fa-1a9ddac0bd60",
        "level": "level2",
        "title": "Wearable & Device-based Sensing",
        "main_banner_description": "",
        "parent_id": "5f8e8c07-2167-4485-8340-343126e8800d",
        "description_image": "description_image-1771911843044-873182214.png",
        "description_text": "- Home-based sleep and respiration monitoring devices\r\n- Textile, strain, and pressure sensor–integrated wearables\r\n- ECG, PPG, and multi-sensor cardiovascular measurement systems\r\n- Cuffless blood pressure and digital volume pulse assessment\r\n- Mobile and mask-attached physiological monitoring platforms",
        "order": 3,
        "created_at": "2026-02-24T05:44:03.060Z",
        "updated_at": "2026-02-24T05:44:03.060Z",
        "__v": 0,
        "achievements": []
      }
    ]
  },
  {
    "_id": "2d712fff-14fe-4722-8212-341a1708b3df",
    "level": "level1",
    "title": "PopulationHealthClinicalEpidemiology",
    "icon_image": "icon_image-1771911543928-680670440.png",
    "main_banner_image": "main_banner_image-1771911543929-898955021.png",
    "main_banner_description": "Population-scale risk insights from rigorous cohort studies and predictive modeling guide screening, prevention, and care planning.",
    "parent_id": "",
    "description_text": "",
    "order": 3,
    "created_at": "2026-02-24T05:39:04.090Z",
    "updated_at": "2026-02-24T05:39:17.315Z",
    "__v": 0,
    "children": [
      {
        "_id": "b00f56dc-457a-4759-a34a-bacc2cfc9a6c",
        "level": "level2",
        "title": "Population-level Risk Modeling",
        "main_banner_description": "",
        "parent_id": "2d712fff-14fe-4722-8212-341a1708b3df",
        "description_image": "description_image-1771911857811-622255000.png",
        "description_text": "- Development of an atrial fibrillation prediction model using health screening data\r\n- Mortality risk analysis in adult sepsis patients based on demographics and comorbidities\r\n- Survival analysis in adult sepsis patients based on demographics and comorbidities",
        "order": 0,
        "created_at": "2026-02-24T05:44:17.838Z",
        "updated_at": "2026-02-24T05:44:17.838Z",
        "__v": 0,
        "achievements": []
      },
      {
        "_id": "0bb0f53e-79db-4906-a6fd-a80c24d06626",
        "level": "level2",
        "title": "Retrospective & Prospective Cohort Analysis",
        "main_banner_description": "",
        "parent_id": "2d712fff-14fe-4722-8212-341a1708b3df",
        "description_image": "description_image-1771911878619-568275430.png",
        "description_text": "- Impact of coronary artery disease medications on atrial fibrillation incidence: a retrospective cohort analysis\r\n- Effects of obesity and age on mortality risk in sepsis\r\n- Influence of demographic characteristics and comorbidities on atrial fibrillation onset\r\n- Demographic factors and comorbidities as risk factors for atrial fibrillation: a retrospective study in Koreans",
        "order": 1,
        "created_at": "2026-02-24T05:44:38.629Z",
        "updated_at": "2026-02-24T05:44:38.629Z",
        "__v": 0,
        "achievements": []
      }
    ]
  }
]